"","logFC","logCPM","PValue","FDR"
"lp_3660",8.44437215757764,11.3081438118794,4.71632560677098e-252,1.0441944893391e-248
"lp_3659",8.18691212821085,11.0046485379475,3.83357910548392e-226,2.82918137984713e-223
"lp_3658",8.18150235903459,12.0030239530823,5.47473716019796e-248,6.06053403633914e-245
"lp_2703",7.84267479866458,10.0213443891381,4.14665885873637e-92,5.10039039624573e-90
"lp_3547",7.21097916847086,3.01912201727639,5.5551199874632e-44,2.45980713044871e-42
"lp_2702",7.13303822210319,10.6300710519433,5.06741995531492e-110,8.63020598543634e-108
"lp_2701",6.94018444702041,10.7195336142525,7.69641274479425e-86,8.51992890848724e-84
"lp_3546",6.09622613324776,4.75991917174702,4.53315219754325e-63,2.64115762246336e-61
"lp_2152",6.08072909899679,10.8949947991378,6.60980428646064e-181,3.65852667255597e-178
"lp_2151",6.02076742378631,11.1222916462237,6.17635025772474e-167,2.73488789412052e-164
"lp_2153",5.96307080615197,10.2787685436591,3.62884278595128e-143,1.14775113258516e-140
"lp_2154",5.93824480081956,10.0614762083492,7.96500263895581e-158,2.93908597377469e-155
"lp_0372",5.79665216329416,5.77117781816008,1.86133699288696e-97,2.4241177072069e-95
"lp_0371",5.71510941934067,8.57451921582896,7.12358968304133e-142,1.97145344478169e-139
"lp_2699",5.38858853811088,9.12145629055067,3.78870871559899e-34,1.18143677413185e-32
"lp_3010",5.15466555359993,4.00184092156169,2.13234513155682e-43,9.07886946397463e-42
"lp_2698",5.04809162572659,9.2700241027785,2.37346701882343e-29,6.48747651811737e-28
"lp_3545",4.96914004776104,6.11621450568519,2.01614600614313e-99,2.97583150506726e-97
"lp_0063",4.75069777514456,5.0751240539287,8.99133104120864e-71,6.42155062104384e-69
"lp_2697",4.74261003927471,8.61140142065437,4.45325695222897e-29,1.17375129669464e-27
"lp_0240",4.50329985680752,5.39907718563432,1.57242161504124e-74,1.20046257093149e-72
"lp_0310",4.47799682263235,10.0480864818791,3.20714077781702e-110,5.91717473507241e-108
"lp_3548",4.37408795808091,2.43360406644316,2.19416697090911e-23,4.58291101282336e-22
"lp_0849",4.34333299891032,6.8937081129088,1.45813956864547e-106,2.30594357498648e-104
"lp_2371",4.30626477567738,9.17846741161573,1.74365400340718e-70,1.20639061360734e-68
"lp_0242",4.27784025521574,6.69885795581485,2.73106886472041e-85,2.87932688880524e-83
"lp_3483",4.20017890058253,6.69165847640348,1.38847341176045e-86,1.61793691244086e-84
"lp_2757",4.1173387678647,7.26719239633583,9.34310472026659e-98,1.29285211566689e-95
"lp_3009",4.01449910586081,3.4388530979635,1.04355338350716e-33,3.20892665428453e-32
"lp_2780",3.79114703895997,8.4037519871169,1.62372245265035e-63,9.7160040815348e-62
"lp_1566",3.78832035674581,5.45358243330119,6.211181122563e-58,3.27417976317964e-56
"lp_3313",3.76914997984463,9.59247933136942,3.72726702254023e-84,3.75098599450185e-82
"lp_3314",3.76035173728358,8.583804392238,1.12774086858258e-83,1.04034095126743e-81
"lp_0286",3.74936752706567,9.26368289038348,2.18746757757695e-76,1.72966186312692e-74
"lp_3484",3.69277664206864,5.94541250790153,5.49852143464607e-60,2.96920157470888e-58
"lp_0156",3.65630606520499,4.17458929574861,9.70081814437009e-35,3.20561363755752e-33
"lp_3418",3.57096232061978,7.73114710660911,7.90802310327451e-78,6.4845789446851e-76
"lp_3318",3.50794641436419,9.31938289888675,1.32179685845457e-63,8.34347310221222e-62
"lp_2781",3.49216480301194,8.74134963948309,1.35666229304264e-63,8.34347310221222e-62
"lp_3656",3.46782396053119,3.32452846450418,1.19962148249435e-16,1.72465062483279e-15
"lp_3250",3.41837091259044,6.15235502381283,2.11470531823626e-61,1.20050194219874e-59
"lp_1677",3.39529763014325,7.99938477729294,7.64688169929297e-19,1.29238138032325e-17
"lp_1681",3.38767018475361,8.57611547545496,1.92845073574692e-19,3.38856343566959e-18
"lp_1680",3.37026048321017,8.38683894536034,3.59347955252643e-17,5.4492902255435e-16
"lp_1678",3.36668840682981,9.38059917497404,1.31779255388746e-19,2.33407417144546e-18
"lp_2704",3.3440489257774,8.84881661425162,2.43620314629299e-60,1.34843844147317e-58
"lp_1676",3.33335329815841,8.3378500144456,8.83912191236937e-17,1.27907293555463e-15
"lp_3011",3.3261790021757,3.73529305995937,1.98880687383916e-29,5.50402302334987e-28
"lp_1682",3.30531056004803,8.11373651139037,3.32650930215463e-20,6.13740966247529e-19
"lp_3272",3.29981320748916,5.94796314432272,1.07145528225574e-50,5.04723828705152e-49
"lp_1675",3.2945344132838,9.25363295032894,2.31358731924798e-14,2.86161023732683e-13
"lp_1679",3.28879770972448,8.61881923229546,7.95001921590738e-21,1.53055152556686e-19
"lp_3476",3.28495981473253,4.53802249456,8.62528237173621e-30,2.44825322705435e-28
"lp_1674",3.26433915658432,8.45804747982635,1.09127887826556e-15,1.51005714779997e-14
"lp_3078",3.26114411198262,5.72129202335138,3.51971737390304e-51,1.69405527517855e-49
"lp_3487",3.21859806378218,5.61439935370987,3.08160495696024e-43,1.28729686315282e-41
"lp_0058",3.20590075488178,6.06192683286383,9.65376673291984e-48,4.45279990555927e-46
"lp_1673",3.18855222249825,9.16232460231178,3.33379065077903e-14,4.05550137407954e-13
"lp_1672",3.16845938966597,7.5277056445918,5.23025530450371e-14,6.15946023626128e-13
"lp_0155",3.16697616637343,3.21108744672064,5.06513098124772e-12,5.16783409791818e-11
"lp_3436",3.08330072414388,5.42239606500027,1.55907334865353e-43,6.76821253709592e-42
"lp_2787",3.03414455492894,6.27723631264352,2.5831229421641e-52,1.27089648754474e-50
"lp_3571",3.03006799665485,7.25930039729732,7.48702524751162e-54,3.85494741813738e-52
"lp_3657",3.00696179716112,3.06406069312299,5.78970512737966e-17,8.52432803089901e-16
"lp_3316",2.98377398206741,5.51979323132361,8.12093326132297e-41,3.21066897153019e-39
"lp_0096",2.97345371010715,4.61979753184993,1.53519384737239e-27,3.8624081569119e-26
"lp_0289",2.97170130660645,1.90853355132306,1.31319852821107e-13,1.51428205284339e-12
"lp_1671",2.92372846401393,9.39053518610335,3.59064229856366e-11,3.38284342511487e-10
"lp_1763",2.89677066299285,5.21081880325482,7.94535841518843e-38,2.79222595733765e-36
"lp_3124",2.80692608047359,4.47759318185867,1.51891257035862e-24,3.39684083916564e-23
"lp_0113",2.7852303470869,5.54258767384612,7.50657376063339e-33,2.21594057413898e-31
"lp_2813",2.74934105843844,5.61655892670061,2.09142897601309e-39,7.84817585236098e-38
"lp_2544",2.7387143872215,11.1027855646036,4.82052914934214e-42,1.97641695123028e-40
"lp_1446",2.72917344446297,6.19425167348767,1.39278891954624e-33,4.22415707928133e-32
"lp_0973",2.66714239727935,0.677126521860332,8.04119348500707e-06,4.53007694040856e-05
"lp_1670",2.6442976659822,8.15592358621263,1.70416252551098e-11,1.66212151166577e-10
"lp_2782",2.61976817992245,4.91138952544738,1.90079146555045e-17,2.96362838361175e-16
"lp_3359",2.57814356347364,5.57979360549562,3.01369157056318e-23,6.17806771965452e-22
"lp_1353",2.54054223427337,6.20097349439333,1.45693112739015e-23,3.10158222696327e-22
"lp_0176",2.53298729705653,3.48114345995181,1.54187280650704e-18,2.56669653654631e-17
"lp_0114",2.52683205642641,6.45392245812152,1.74248290930775e-34,5.59109733508314e-33
"lp_2096",2.50955874840707,6.77754012474717,2.95960261334497e-41,1.19137457926287e-39
"lp_3489",2.49087233836145,6.89986109115635,2.75863011178314e-44,1.2464504219363e-42
"lp_0115",2.47679665466642,6.14848745727763,3.01430951205035e-34,9.53383037097068e-33
"lp_0116",2.47374480480501,7.06379909384491,5.53952997296532e-39,1.97814828389439e-37
"lp_1449",2.42944831571335,3.43608766037214,2.03391721366179e-18,3.28692898616584e-17
"lp_1448",2.41466595542126,4.08595301699166,3.96903085765475e-21,7.77649054765276e-20
"lp_3474",2.404566225441,0.992498017689582,1.55102911630313e-06,9.56539961976359e-06
"lp_3360",2.39890111105805,5.96375803759781,2.302271451914e-19,4.01356613743118e-18
"lp_2097",2.32930206748782,7.30991123703658,8.08132433764981e-35,2.71091698235707e-33
"lp_0438",2.32316786427513,3.65746856438063,2.1264888529275e-17,3.29234008418286e-16
"lp_1447",2.31705532091949,3.45771809335181,8.58930756941063e-15,1.13194803325447e-13
"lp_2788",2.28509066143024,1.09962832632014,1.9990920946947e-05,0.000107166825609058
"lp_3055",2.25641796062431,4.24602865694769,2.26278469446237e-20,4.24559772333871e-19
"lp_2684",2.25565006614089,6.11802913358433,3.47945126162475e-29,9.28133143763518e-28
"lp_3486",2.25363315414385,5.48364817671964,2.01235450367994e-28,5.24159161311458e-27
"lp_2095",2.23963851241254,6.232811323079,1.21778985380914e-29,3.41289460295373e-28
"lp_0436",2.22881743461223,5.16920554434806,3.41785981434667e-25,7.88243919683701e-24
"lp_3092",2.20848418275787,8.26501724605175,3.80136913078986e-33,1.13732854804983e-31
"lp_3472",2.20535941899469,1.5108247654543,1.57903967870965e-07,1.07239075112367e-06
"lp_0885",2.1987265184184,3.10140781097027,2.00833013352017e-13,2.26859332429268e-12
"lp_0502",2.16851854672913,6.35388843232017,5.4153230862262e-25,1.23603353741287e-23
"lp_3482",2.16823037350294,3.88941584613956,1.41333357550929e-13,1.62130597729407e-12
"lp_0912",2.14701954419394,3.51734201010821,1.91327628742745e-14,2.39321677986688e-13
"lp_1540",2.12767910792045,-0.238284472066625,0.00273527880797348,0.00909295387515508
"lp_2384",2.10113474589251,9.87622707254856,2.1242696964398e-30,6.10796507521781e-29
"lp_1872",2.09565074571439,9.22509730069639,4.21141619419992e-31,1.22685203341561e-29
"lp_0884",2.07903779817163,3.71821982786966,1.12036729176782e-13,1.29868753087642e-12
"lp_0098",2.06722709835621,5.0727772346739,5.57231095985888e-18,8.8122117608054e-17
"lp_2696",2.06182167074892,6.03942346038664,1.38703439077244e-11,1.36484184052008e-10
"lp_1168",2.05031398144341,5.14203868845458,2.54422518339824e-15,3.47710775064427e-14
"lp_0886",2.03830600771258,4.89133273156552,1.13613451357601e-20,2.16844983884249e-19
"lp_2685",2.03776152226477,6.13726000225227,1.15984239868988e-22,2.31341537900846e-21
"lp_3471",2.02689981184727,2.55151727704932,2.06304457538654e-09,1.68545412911653e-08
"lp_1450",2.00265194325316,4.11461893964068,5.57040981459955e-15,7.52005324970939e-14
"lp_1070",1.98863350953341,9.89008522350995,9.74814807082309e-28,2.48073561250601e-26
"lp_2572",1.98366993627561,4.37530487054374,6.14739476212038e-15,8.19899518273164e-14
"lp_3449",1.98209524386738,9.27044265725636,3.75308902358833e-27,9.13114186618084e-26
"lp_3057",1.97744053121619,1.58712502563337,6.91725018889112e-07,4.38819252670628e-06
"lp_2766",1.9705000451666,7.65100639526078,1.78146445562183e-26,4.2871329399421e-25
"lp_2767",1.96523991714682,7.64851194428468,2.34419049746852e-24,5.13865124890624e-23
"lp_0850",1.95696911185995,3.76471030832656,3.71422096683075e-14,4.46917675030613e-13
"lp_2732",1.92511964277037,8.06577713682447,1.93193229530083e-25,4.50241905452214e-24
"lp_0887",1.90612682459287,4.66790588737502,4.94798950713314e-17,7.35224749583407e-16
"lp_3241",1.89102061412488,4.27296759488512,7.68752601557462e-15,1.01917261068756e-13
"lp_2857",1.88674532679474,4.19321914669728,4.84643575923082e-13,5.28571860637292e-12
"lp_1974",1.88474772699134,7.07178239996454,6.55583598389694e-24,1.4091864920726e-22
"lp_3058",1.87110432461287,1.13427326111502,0.000162540687088469,0.000758675769760819
"lp_3236",1.83810139694595,7.20448254294111,1.69714872381215e-27,4.22189581406753e-26
"lp_0154",1.82832563738422,2.72430686327242,1.2062503236252e-05,6.64337864802534e-05
"lp_0175",1.82442381424331,6.66877110801598,2.86389467734405e-23,5.92585309872872e-22
"lp_3363",1.81221053641656,6.67060898121354,5.48948216701945e-25,1.24017484875317e-23
"lp_1069",1.80861161120902,9.88265688912764,2.25794594455934e-24,4.99909232125437e-23
"lp_0232",1.79006106628563,5.42741326275846,5.01897442888271e-18,7.99425135650814e-17
"lp_0178",1.76550681931652,3.74600098824127,7.30041937970981e-12,7.34687659394432e-11
"lp_2708",1.75565300590792,4.31263513174052,1.81037725017554e-12,1.91778719229122e-11
"lp_2219",1.75371531854165,9.2820316014163,5.32658707356283e-20,9.74633370319679e-19
"lp_0233",1.7504299836442,7.14907171043555,2.08871626142782e-26,4.97249226107654e-25
"lp_0184",1.74785121596237,5.64406108041249,1.68288524700936e-14,2.15370400975648e-13
"lp_0472",1.74641749251046,7.78975154239631,2.7829941534652e-24,6.04073436840388e-23
"lp_3243",1.74203805114601,5.74591462748731,1.70790744001012e-18,2.8009682016166e-17
"lp_2098",1.72913054736047,5.259459734743,1.3917743564901e-15,1.9139058542044e-14
"lp_0139",1.71794637247472,10.796390103357,1.5194242242515e-23,3.20381450713602e-22
"lp_1762",1.70491519447085,3.20658731264435,1.21111619167297e-09,1.0234394077725e-08
"lp_3480",1.702361418878,4.92204358361498,1.40233579551763e-14,1.82633614780943e-13
"lp_0219",1.69485214662421,6.72088278805524,9.34085260552521e-23,1.89730712556264e-21
"lp_0439",1.69324146503028,2.51694521848637,8.88279116730603e-08,6.2632164472661e-07
"lp_0946",1.68937290783528,4.99158632640302,5.80990016030755e-12,5.90051328207381e-11
"lp_1785",1.68536713625373,6.1941529219902,2.01014223123527e-18,3.27239330879036e-17
"lp_0320",1.67421101439021,9.07431183295839,3.8602052354979e-17,5.81394176285194e-16
"lp_1667",1.66486125671111,2.24485656360048,4.49878893456275e-05,0.000229500430901427
"lp_1685",1.6489956689156,5.41440405055579,5.13906110118365e-16,7.20119068229152e-15
"lp_2799",1.64487289309061,9.00718025829377,9.48396929756651e-20,1.70711447356197e-18
"lp_3117",1.63359461528948,4.19649963152762,5.02905410584542e-12,5.15478045849155e-11
"lp_0173",1.60885034952443,5.61121019267253,3.81220103700611e-14,4.56227734915218e-13
"lp_1704",1.60778814907328,8.16920486064753,9.28756344406223e-14,1.08224555079757e-12
"lp_3469",1.60760016124704,1.62016403525594,8.80025524841255e-05,0.000430105190286653
"lp_0806",1.5960933055473,8.81603852039992,2.77061669824282e-17,4.23044508269628e-16
"lp_1706",1.58289443404066,8.13893150780635,1.08441534851784e-19,1.93620611420846e-18
"lp_2856",1.56235659961324,6.30908802906718,2.26590171726083e-16,3.21583743718941e-15
"lp_0177",1.55841117823754,2.41914004103128,1.1252800083042e-06,7.05770520789091e-06
"lp_0823",1.55708274670793,7.17305000195803,3.50492227348158e-21,6.9284802799002e-20
"lp_0179",1.5524167011154,4.174191488764,6.4679735248575e-11,5.96670557668104e-10
"lp_1705",1.5518877452875,7.97376591970417,3.11434265588895e-20,5.79424759675474e-19
"lp_3661",1.55051453004838,7.22941105927849,5.69033017415861e-21,1.10512201803396e-19
"lp_1005",1.54674328639668,10.5206823540379,1.6185460725816e-17,2.54146170545792e-16
"lp_0807",1.54475510856643,9.65161638213346,4.47697965648028e-18,7.18263257930967e-17
"lp_2733",1.53496769737643,7.43697629921129,1.58437801804608e-14,2.03942612322908e-13
"lp_1392",1.53225352123787,1.88685232504254,7.40970822402352e-05,0.000364557644621957
"lp_1482",1.530771321772,5.67460331700469,4.14507686019221e-14,4.90759367297624e-13
"lp_0506",1.51299838343526,5.89754107891549,1.11978519839815e-09,9.53540165097504e-09
"lp_0737",1.49271946755879,13.0064852075462,5.68327613228427e-15,7.62592324659235e-14
"lp_1824",1.46842247689782,3.3854651877177,1.03545093483415e-07,7.18648391762636e-07
"lp_0505",1.46083796218726,6.4853317799311,8.36003941401617e-13,8.94160737325208e-12
"lp_3485",1.45412309262798,5.19872083903519,5.66731670106093e-10,4.91318203304687e-09
"lp_3420",1.45226291842516,9.27115066553028,1.83373203634321e-12,1.9332774897447e-11
"lp_0217",1.43080767056184,6.28222773724227,2.58492652689384e-13,2.90509001550404e-12
"lp_0174",1.4221794367942,6.65814956466101,1.3577355886694e-14,1.77871396054086e-13
"lp_0231",1.4199246309801,6.76625986448263,3.41973006508384e-16,4.82247284337301e-15
"lp_0218",1.4157587594183,8.1011354862821,5.81379192712624e-17,8.52432803089901e-16
"lp_0172",1.40326789364219,5.6584414697939,6.79866075468119e-12,6.87316662596537e-11
"lp_1876",1.39633881407793,8.5710694127182,1.89353624650883e-14,2.39321677986688e-13
"lp_1686",1.38870246246526,5.07990379445793,2.70009159244713e-11,2.56566643162144e-10
"lp_1912",1.38712676523639,3.06753522599571,6.08652967463644e-07,3.87229215507042e-06
"lp_0507",1.36379086753204,6.10849853312593,5.50358263074647e-13,5.97300585513366e-12
"lp_0226",1.36353090211474,7.9808302738943,2.29696315548416e-11,2.20150494642508e-10
"lp_1483",1.35236250523045,7.84885327852921,3.18656914992833e-14,3.89782546847587e-13
"lp_2591",1.33270926306023,10.0059404465563,5.00885217553441e-12,5.15478045849155e-11
"lp_1747",1.32949046745165,6.45857479356959,1.90582161776966e-14,2.39321677986688e-13
"lp_3505",1.32738067929173,4.19773263871743,3.55107927107769e-05,0.000183693680050608
"lp_2220",1.32631852181803,8.95588967306659,2.61116147897171e-13,2.91975329012292e-12
"lp_0929",1.32407355637975,8.8787830332731,2.65378581560949e-11,2.53253525679285e-10
"lp_3355",1.32300904042077,6.90128450720895,1.52472302914567e-13,1.74007050851985e-12
"lp_0889",1.32265810208051,6.46853811453409,1.57616851920152e-13,1.78955748795495e-12
"lp_1783",1.31460343473941,8.70396367229056,4.78474810519393e-11,4.46980266029508e-10
"lp_0928",1.31025296876727,7.8437782270983,2.05263226645528e-14,2.55310552692808e-13
"lp_0926",1.30739865117441,6.84186748290633,2.71794136367642e-13,3.02388049205005e-12
"lp_2661",1.30323101384243,7.93480997541028,3.10222829224311e-14,3.81574079945903e-13
"lp_0118",1.29690109376569,7.75141093860836,9.03404839457663e-14,1.05827424050755e-12
"lp_0927",1.29221533939891,8.51236257976584,3.98687672103609e-12,4.14410566214737e-11
"lp_0334",1.29125859791415,9.94982880932603,4.62182940492904e-13,5.06570807055094e-12
"lp_1466",1.28349812185328,5.59850529255506,1.28135452390373e-10,1.16267168685363e-09
"lp_3224",1.27960733577979,5.72271449530366,2.21141436339132e-09,1.78886229110366e-08
"lp_1002",1.27605398738973,8.82788923507927,1.24544433852268e-09,1.04053349641103e-08
"lp_1253",1.27111576266203,10.15402995054,3.51100515370292e-11,3.32195103004199e-10
"lp_3473",1.26506016270489,1.7473815932071,0.00050888197172727,0.00211381742102097
"lp_2968",1.26406190807782,5.46154816154438,3.90958670847708e-10,3.4623299890273e-09
"lp_2093",1.2607072247892,6.65817268922237,6.18701924026056e-09,4.78953167760031e-08
"lp_2800",1.25516156513799,6.47963534285625,3.1224004228435e-13,3.43930076426642e-12
"lp_1250",1.2492241866032,7.23533389318803,8.61908324081645e-12,8.59578842124667e-11
"lp_2855",1.24913887755289,3.9197060046407,7.15944917552375e-07,4.52886299274559e-06
"lp_1836",1.24900746127891,8.08617300804027,5.58184241059663e-13,6.02838980344436e-12
"lp_1523",1.24782623962812,4.36419117042999,4.31248692154706e-07,2.81647375938206e-06
"lp_2829",1.24334320350395,7.88556098528773,4.17953562069921e-12,4.32406161879815e-11
"lp_0285",1.23250500050611,6.01545678465327,1.01943138172878e-10,9.32653338490713e-10
"lp_1945",1.226677962366,2.36465484267518,0.000922099701081777,0.00359931190332833
"lp_0070",1.22471209276449,6.22092973895646,1.22093580083249e-11,1.20676422457283e-10
"lp_0930",1.21131847393515,8.38457538253262,1.64810346309572e-10,1.48934737440568e-09
"lp_1004",1.19729431065364,6.25381954900871,3.35558020976581e-09,2.66281526323351e-08
"lp_1273",1.19676231227672,10.9660109275112,4.64117557266947e-11,4.35405199910602e-10
"lp_2660",1.1921511897317,8.26497620988,1.78790821403049e-11,1.72857152221114e-10
"lp_3225",1.19083390894159,5.18235775499329,2.61718821749268e-06,1.58318434795869e-05
"lp_0509",1.18437431493534,4.60731552974608,7.32340700996882e-08,5.19680228207403e-07
"lp_1938",1.18286029065825,5.87003540642946,1.05526179902666e-07,7.30109257201569e-07
"lp_0059",1.18065689620992,3.64082156974375,0.000124420419754957,0.000592401740510699
"lp_1782",1.1786178520144,7.17806322000727,2.19284784971601e-10,1.96557293087905e-09
"lp_1274",1.17347983673544,13.2500491845462,1.5302263219523e-11,1.49908012247893e-10
"lp_3508",1.14430646631398,5.05925930427363,8.63760091803973e-08,6.10979183148241e-07
"lp_0778",1.13237992921271,7.42189851753867,1.02894435249504e-11,1.02156179211839e-10
"lp_0018",1.13072503013145,4.78377374968382,4.90376608045942e-07,3.17895643534447e-06
"lp_1354",1.12490358529498,6.77077257350822,5.26044824628184e-11,4.89354303246554e-10
"lp_1835",1.12264056459938,8.1899234158611,7.19824240473094e-10,6.1835431174622e-09
"lp_2629",1.11997043849217,11.7852237269761,5.31518853081022e-11,4.92377715783006e-10
"lp_0367",1.1196379015245,8.08962032485856,2.31939473089736e-09,1.86732361243882e-08
"lp_1249",1.11881411306846,6.92175040884335,2.04308337527352e-09,1.67532836772429e-08
"lp_3150",1.11281304263545,3.11488857304258,5.69325213676258e-05,0.000284534090988541
"lp_3177",1.10755810962278,3.38284492098702,6.19543208706162e-05,0.000307549027819606
"lp_3509",1.10635502725015,5.17585133179334,5.37946999438219e-06,3.10160066863598e-05
"lp_2616",1.10250240724456,4.9294797788505,1.82866931066678e-07,1.23435178470007e-06
"lp_2390",1.09687212161247,6.23287561702314,1.45803634447021e-09,1.21356859648761e-08
"lp_1262",1.06730588582052,5.91744716038249,5.29732306173888e-08,3.83276903878754e-07
"lp_1748",1.06587225354627,2.23408759784776,0.00113910664939914,0.00432586984866157
"lp_3470",1.06362858351787,7.57717626885723,2.29869429568133e-08,1.73696558724862e-07
"lp_1701",1.05496212414562,6.69276237108825,1.24035050394916e-09,1.04020303626646e-08
"lp_1700",1.05120563307391,6.82982231823632,2.21385848131167e-09,1.78886229110366e-08
"lp_0754",1.04796090828176,8.72877775290312,2.96028132072803e-09,2.35757656262297e-08
"lp_3510",1.04307839247722,5.18709425453124,1.28622743302253e-05,7.04878103146504e-05
"lp_0861",1.03819756183045,7.46961595990071,3.10360296369838e-10,2.75958914121615e-09
"lp_1251",1.02890838890566,5.74050332392105,1.41437026037347e-07,9.66486344588539e-07
"lp_1925",1.02764757031991,6.57981713157357,3.75887952627434e-07,2.46948346325561e-06
"lp_3256",1.02489178779516,9.73187275255869,1.85124957029343e-05,9.97242469252955e-05
"lp_1264",1.01683297234913,6.93077929803754,4.07027696888901e-09,3.18430855445946e-08
"lp_2032",1.01150849155472,7.3367754054407,3.99284683509623e-09,3.13480953649045e-08
"lp_3006",1.01026384152643,8.07497314617168,2.23581990284864e-07,1.49099556171894e-06
"lp_2031",1.00919520656156,8.21273248378827,2.05211094235725e-08,1.56129677882438e-07
"lp_1263",1.00599613289208,6.63724667024003,4.12488985276913e-08,3.03405519403018e-07
"lp_1395",1.00414640135592,4.89242724202671,0.000207934194536411,0.000955116818887167
"lp_1784",1.00334500570743,9.81421909443743,9.10441903275241e-08,6.39874496316988e-07
"lp_2913",1.00276848856581,8.15275727866784,4.62652252257724e-08,3.36944765295592e-07
"lp_2030",0.995231629620515,7.96904270667122,1.01246394450993e-09,8.65480761832039e-09
"lp_1760",0.993140600818194,5.74567120760736,3.35072230828117e-07,2.21447737030881e-06
"lp_0206",0.992674174673263,8.59201678705941,4.23335355299369e-08,3.10352475706226e-07
"lp_0857",0.991436189375982,9.53841001724408,2.5765769779868e-08,1.94032021403495e-07
"lp_0513",0.990334321528902,5.93070722682645,2.48101450680277e-05,0.000131725806188521
"lp_0764",0.988858708085448,11.5749665560311,5.41152904147202e-09,4.20390361326984e-08
"lp_2162",0.986230872613853,10.8101534307228,2.70489335850128e-08,2.03004538838029e-07
"lp_1126",0.985759891618415,7.39973132833191,1.9037875784895e-09,1.56690918170102e-08
"lp_2804",0.983234449596141,5.36163216913165,1.61637605847394e-05,8.81442510704754e-05
"lp_1697",0.967509541283678,6.50783414124688,1.20507672049652e-08,9.26402728881699e-08
"lp_0858",0.96665489777266,6.03306539071682,5.78246163212262e-07,3.68944381945806e-06
"lp_3507",0.966626514259501,7.2686734022868,2.73027879835356e-08,2.04217474984959e-07
"lp_2150",0.966550664452429,5.3342073376805,3.65493423377068e-06,2.16944353714967e-05
"lp_0368",0.965823529469591,7.90805238571803,6.75265380729106e-08,4.85401802900727e-07
"lp_1245",0.965614605815492,7.1190627170814,2.87561584159313e-06,1.73005800904543e-05
"lp_2340",0.963102464933279,9.31789799602668,1.16446414307758e-07,7.98180685069275e-07
"lp_3048",0.960992885947089,3.36645152348846,0.00187828565554644,0.00660083244663462
"lp_0364",0.958494955126074,6.85124154997423,3.72005824170194e-07,2.45125266283574e-06
"lp_0363",0.95592865716241,9.28801787129364,1.61323899512658e-06,9.89393666263224e-06
"lp_0878",0.943019413174796,7.83424677358869,1.84955938156211e-07,1.24465789385365e-06
"lp_0765",0.939176649441405,5.68942754775261,9.9993849603043e-07,6.28938588128231e-06
"lp_2956",0.934076745451236,5.8636880521901,9.24634213790235e-06,5.13067706599393e-05
"lp_0435",0.933726926911895,5.05590771240753,0.000113188418488859,0.000542422421069986
"lp_0228",0.931730830034008,8.12220685415632,8.75453091919242e-06,4.882249736799e-05
"lp_2668",0.929972779853389,8.26901766874457,1.46582253433779e-07,9.98563412622728e-07
"lp_1265",0.929601008720254,7.02068856535938,3.33036099112285e-08,2.48263273883703e-07
"lp_2930",0.929068689738605,4.52199358303588,0.000114229496710646,0.000546229170015918
"lp_1873",0.92853193070698,8.85766414668471,2.06650481599048e-07,1.38224823643593e-06
"lp_0137",0.928271737664493,6.84259115600301,2.28475994403125e-08,1.73234880687849e-07
"lp_0369",0.923100627518017,9.21289807639952,5.51043203777959e-07,3.5465396894314e-06
"lp_1923",0.92168832412946,7.23858592438573,4.68519978034643e-08,3.40099420120885e-07
"lp_0022",0.916638076516032,2.77021875436126,0.00192023287191859,0.00669585993237025
"lp_1904",0.916275092663019,9.48889025323882,1.06511143036218e-07,7.34628257576904e-07
"lp_1465",0.907479796313481,3.77626123593398,0.000187958977516138,0.000868770722799017
"lp_3091",0.905598464707113,5.36529973764974,4.9320997999764e-06,2.85108850056077e-05
"lp_2798",0.904516079906081,5.17504264165082,0.000352828599775806,0.00153470043203072
"lp_3119",0.895311414877258,4.8825058764299,0.000275461541239581,0.00122218808077041
"lp_1874",0.890112531565267,8.26208775810413,5.2901624240395e-07,3.41469959382608e-06
"lp_1125",0.886250165936213,7.6323985622309,9.41768474240219e-08,6.57752492734336e-07
"lp_0224",0.883213635451532,4.48842937197529,0.000146422794370398,0.000691215494106739
"lp_0881",0.881301719846245,8.26543081806706,4.34767410497798e-06,2.54649483291567e-05
"lp_3262",0.880705747208179,7.4259702670278,2.91114754989644e-05,0.000153825314450375
"lp_0291",0.880412002689948,5.80742338872755,8.08612186941145e-06,4.54382584235455e-05
"lp_3549",0.866678011162916,6.22222880703568,1.17064190229241e-06,7.3214722363712e-06
"lp_3049",0.862918456428844,9.24415512361758,8.37175143572471e-07,5.28064321330328e-06
"lp_1339",0.846676525094611,4.66169165666742,0.00156900947807284,0.00567612252361647
"lp_2563",0.843394304576519,4.79033329757583,0.000243410627593296,0.00110206774947149
"lp_0585",0.843358562302544,9.58020188768503,1.19978128961079e-06,7.4825796484459e-06
"lp_3178",0.84156826864363,4.02234273814576,0.000421912104472482,0.00179637192173476
"lp_1812",0.835608467150931,6.9489833719129,6.94978626995679e-06,3.96567701074339e-05
"lp_1918",0.833502261950212,5.09215739504354,0.000446503592842002,0.00188296943724227
"lp_2945",0.828091355821892,5.77143465708365,2.15561060916489e-05,0.000115278306490122
"lp_2643",0.820559044835284,7.51144625157298,4.91058311150771e-07,3.17895643534447e-06
"lp_2669",0.818620239832105,8.58509419582025,3.43173413678845e-06,2.04243531689506e-05
"lp_2113",0.816206010899388,10.5321441925519,3.41904161878108e-06,2.04036607654483e-05
"lp_1003",0.809075689756293,5.04182938914281,0.000135475804314492,0.000642277153645149
"lp_0949",0.806177747788627,4.32516053668579,0.000333305932211427,0.00146126600775465
"lp_0882",0.805758146924225,8.07932664939499,3.72447605163739e-06,2.2048101546324e-05
"lp_1443",0.805122382176991,4.58655283347137,0.000400114516551847,0.00171677042567013
"lp_1136",0.804756911116586,8.9471574930454,0.000141094395603444,0.000667485025354753
"lp_3214",0.802246365742999,4.83992472360371,0.00016276919179602,0.000758675769760819
"lp_1521",0.797146338628756,3.33529829627066,0.00230584672957749,0.00781798569568845
"lp_0283",0.796439566720222,5.05510507109208,0.000315963882436292,0.00139074360976928
"lp_2943",0.794882955241138,3.93636134411536,0.00219142292040364,0.00751054233091897
"lp_0883",0.792310319645589,7.34164346459485,1.46383134318553e-06,9.05285640729823e-06
"lp_2677",0.780500625105453,4.92407266623878,0.000790496691158075,0.00314776919824456
"lp_2349",0.776247232757797,10.4232211677366,1.19791678941624e-05,6.61393459293657e-05
"lp_1320",0.770081027541967,5.87025464040869,0.000850036572417868,0.0033427725956184
"lp_2601",0.769206674040019,6.11232954499338,2.9407266810165e-05,0.000155018306470727
"lp_3417",0.767890215757235,6.02185155970365,2.97090447587446e-05,0.000156237114241949
"lp_1825",0.767014506025946,3.96381126789144,0.0017001769669014,0.00607127710438661
"lp_1703",0.764348497962077,7.67351429562887,3.88529640911528e-06,2.28777825792054e-05
"lp_3263",0.763466344568939,6.88237032137281,0.000592517277050558,0.00241589917383045
"lp_1906",0.760941669375885,7.73608194218762,6.79871170050412e-06,3.88949553098608e-05
"lp_2755",0.760528949884714,8.84719477067813,9.20578280475702e-05,0.000445986939381445
"lp_1546",0.758229276102374,6.29987965526548,1.77231219418346e-05,9.59388556949189e-05
"lp_3578",0.757764866484521,9.80184214700857,2.18183297862801e-05,0.000116399475052588
"lp_1905",0.756162308793898,8.53317440805057,1.55252289585676e-05,8.48712516401694e-05
"lp_3239",0.755454927073233,4.24940627389157,0.000897860245457033,0.00351834085564933
"lp_1833",0.751952521823072,5.08801252087718,0.000245001594499074,0.00110700720453255
"lp_0284",0.751202254195977,5.43207148682092,0.000116868486456417,0.000557644028048506
"lp_0755",0.748579293781233,9.71541153072706,2.28935482842595e-05,0.000121842105532092
"lp_0844",0.745409355306511,6.49295346751941,3.7257246667687e-05,0.000191386413276703
"lp_0603",0.742352365561993,7.81861554907332,3.41018929064924e-05,0.000177233781443602
"lp_2745",0.734562058358036,6.9528673212751,0.000675345332454022,0.00271857193827855
"lp_3673",0.733158455716411,8.28783405501398,0.00122937265239062,0.00458993432106717
"lp_2764",0.724490385673888,7.85361254757415,0.000357027944241472,0.00154688819677225
"lp_0602",0.717073333086745,8.55423104667191,3.60113009977689e-05,0.000185848532422052
"lp_2790",0.715655531245262,7.52530599712113,2.51769901498192e-05,0.00013335372294665
"lp_2871",0.715394730512139,5.09433284088477,0.00243261301751572,0.00816031094057545
"lp_2763",0.711209754400285,6.93634307038771,1.93338910888031e-05,0.000103896201142258
"lp_1362",0.709411637453777,4.91625795552424,0.00112582048820657,0.00428276041389922
"lp_2228",0.704935697305891,9.82703384867286,8.8911451515224e-05,0.000432637260779574
"lp_0780",0.704277223216543,8.95111416677537,0.000109135209930984,0.000524133090644684
"lp_1539",0.703608763129058,6.67400271322741,0.000337990911416381,0.00147596031139224
"lp_3045",0.7022039266021,8.16209081131325,0.00022069674933246,0.00100746928458158
"lp_0535",0.697778945544206,6.88800640986712,0.000104365529678451,0.00050341020197841
"lp_0282",0.696900602199075,7.0683817477234,0.000498534374355917,0.00208255680155472
"lp_0756",0.695908635912015,10.1638031601647,6.64416991670443e-05,0.000329087073726703
"lp_1454",0.687623843965312,6.44084256299405,5.39485001037868e-05,0.000270843490316971
"lp_2602",0.6853946409407,6.62732985030072,0.000303025390492757,0.00133911819271649
"lp_3319",0.679783324239505,5.11673685292913,0.00209447714121723,0.00725692079914701
"lp_0085",0.67893168488902,5.81032732721643,0.000421761242034039,0.00179637192173476
"lp_1931",0.670384447214907,5.95380457505128,0.000540487626964625,0.00222423718605889
"lp_1549",0.66945540127255,5.65191124268738,0.000517966533211895,0.00214752416578864
"lp_1815",0.663342553626874,5.51864680389058,0.000533483724582566,0.00220360628027202
"lp_2149",0.663292257666642,5.73118621283183,0.00100674668941015,0.00388316580201056
"lp_2765",0.658568490446363,6.45761669243995,0.000468967595444482,0.00196646639453425
"lp_0171",0.655340725403682,7.32561860010141,0.000157183599464805,0.000735738877833148
"lp_3247",0.654844207342791,7.10158809852194,0.000131337630233702,0.000623994663814198
"lp_3445",0.65206719760265,9.46837090312163,0.000537613105387578,0.0022165277752851
"lp_1885",0.651746445134665,8.27575173020012,0.000184770127246965,0.000855818120763139
"lp_0809",0.650410329487762,4.96276365196876,0.00152111355230584,0.00551185827300349
"lp_2521",0.64564053552378,5.50788816864431,0.00171902841301884,0.00611885676273907
"lp_2915",0.645021886265788,6.58396168211073,0.00116070241980748,0.00438137790472382
"lp_0562",0.644213995635424,9.21813702696036,0.000450892280376691,0.00189786218394296
"lp_1711",0.643333965873434,8.10540704726992,0.000424150968730108,0.00180243808976672
"lp_0335",0.642254920429251,8.51912452127897,0.0002514976278234,0.00113404429328108
"lp_0601",0.639587636746405,10.5727200218986,0.00039599949471389,0.00170572544999329
"lp_1296",0.637601095522976,6.0823877300986,0.000951596997247288,0.00368972986323204
"lp_0766",0.634889167346533,6.79609439667468,0.000409033151340501,0.00175164293436725
"lp_1360",0.633026950831854,9.61457335289999,0.000443868597528818,0.00187542953230688
"lp_2206",0.626934472067029,6.76783522891848,0.000669399070929517,0.00270446996904736
"lp_0853",0.62512884554933,9.18405198836814,0.00091842314962668,0.00359255981143723
"lp_2612",0.622350390195955,8.51417167465049,0.00115290938117425,0.00436331858105946
"lp_2887",0.619778389177937,7.09037582761144,0.000104864440123978,0.00050471710964019
"lp_3288",0.618512632152751,6.85418920493318,0.000443780420099396,0.00187542953230688
"lp_0846",0.617555942894624,5.36668079860539,0.00191690580429727,0.00669585993237025
"lp_2109",0.613259616447445,8.08139119299731,0.000212984459524671,0.000974271887164507
"lp_1886",0.611089968016742,7.77860849649543,0.000286918196454077,0.00127047377389865
"lp_0169",0.610538299119658,7.35997045733974,0.00139188112536953,0.00509359472986468
"lp_3120",0.60638126022718,6.17335625956704,0.00188172944977442,0.00660245483645099
"lp_2773",0.605055304137284,5.14275099009396,0.00276933581836641,0.0091786070387174
"lp_3044",0.599481223065634,7.96050339547489,0.000504409993099448,0.00210313319156719
"lp_1426",0.598650770235992,5.93503613125039,0.00130901961775801,0.0048464371801275
"lp_2515",0.597540837524423,6.7696909036189,0.000399329625277833,0.00171672969002936
"lp_2330",0.593776177193776,6.6182337486492,0.000770555729744668,0.00307389258676521
"lp_1295",0.592518709334009,6.21152913702276,0.00137910316221259,0.00507175801942968
"lp_0781",0.591674946313104,8.52040084335932,0.000671237725748065,0.00270695869727908
"lp_1169",0.583388957794495,8.76297505710576,0.00149714724926582,0.00544616062321831
"lp_1708",0.582198263929236,7.1924724024798,0.000341725560894211,0.0014893314799602
"lp_0057",0.581739429971736,5.91785186057992,0.00222894227463168,0.00760381848387447
"lp_0779",0.576845568263596,8.09081854716274,0.00233908963530241,0.00790745893569043
"lp_0111",0.576624272670989,7.91072226680654,0.00234295079576013,0.00790745893569043
"lp_1101",0.57595447266694,7.20720224317825,0.00079415575371474,0.00315445743819592
"lp_1453",0.572634138570384,5.87345991796598,0.00269440700296697,0.0089840619044712
"lp_2761",0.571838108325087,7.73929360232109,0.000608493324978224,0.00247647834834887
"lp_0221",0.570640179220195,7.05451259771796,0.00043739115457692,0.00185514179355039
"lp_2323",0.56799951146573,7.97572044834689,0.0011616390379733,0.00438137790472382
"lp_0957",0.566367377195351,6.25342788128011,0.00149806315245707,0.00544616062321831
"lp_2590",0.565800532565816,6.74963033365191,0.00204018350805443,0.00709099888042781
"lp_0977",0.558875967734854,9.25325047338085,0.00184737701752284,0.00652327387048734
"lp_2621",0.55232713696753,7.7386510523209,0.00234052661918765,0.00790745893569043
"lp_2137",0.551382230541927,8.68257432251438,0.00205114369468216,0.00711791871477475
"lp_2762",0.550353567902608,7.88324904632489,0.00119370327647847,0.00446428894277592
"lp_3259",0.545399667428895,7.05240538107368,0.000831446418076302,0.00327991640349218
"lp_1068",0.545281623170647,6.80926065955088,0.00272198987624802,0.00906238433986936
"lp_1608",0.536705867639688,8.15558025629192,0.00158268852023427,0.0057069582798024
"lp_1107",0.529403467375485,7.51535527017328,0.00118771783426564,0.00444942011009159
"lp_1660",0.529348275410325,6.81140906820928,0.00157355329510039,0.00568327405440826
"lp_2666",0.524864682122475,7.80026359211198,0.00182502479358129,0.00645464040413576
"lp_1407",0.523979663692991,7.61376279370899,0.00171201472181841,0.00610370466039607
"lp_0220",0.521226036309379,6.78521510011475,0.00239033577176327,0.00804286230803023
"lp_3042",0.51091209712988,7.36169716449812,0.00150489522934062,0.00546202957009858
"lp_0168",0.510092278849511,7.63823954269401,0.00212061886444923,0.00731316225216603
"lp_0757",0.505258233174258,10.6024881826698,0.00284071006954032,0.00938706282680936
"lp_1869",0.500960669149387,7.8992480376579,0.00287824389185509,0.00948278567941544
"lp_2820",0.491570029442936,6.93474437811769,0.00284953023856836,0.00940217577971737
"lp_1076",-0.497323816081559,7.93737140562093,0.00217271679308649,0.00745797671301316
"lp_0954",-0.507727373747098,7.33202066681454,0.00235704751087564,0.00794292722843023
"lp_2937",-0.515982005652934,7.8106444991497,0.00148679129612848,0.00542299164683434
"lp_2312",-0.51987616719939,7.50546703805293,0.00108900343987932,0.00415698899291865
"lp_1047",-0.522906613182648,11.5920468609795,0.00215378819708942,0.00741599855109795
"lp_2110",-0.52555968144201,8.00718146425946,0.00216695738638029,0.00744975722584777
"lp_2159",-0.52699077376467,7.94008432312057,0.00210526992034951,0.00727155632395292
"lp_2864",-0.527189127164909,7.40068237821181,0.00106753107135975,0.00409621107797311
"lp_2315",-0.530524381159448,9.97314162770569,0.0025535487284444,0.00854011614014488
"lp_0793",-0.532961373862648,7.37107653532677,0.00123700376888816,0.00461065041131041
"lp_2044",-0.533178211331378,7.66070307556285,0.00107529228703816,0.00411173941882985
"lp_0969",-0.53544480301037,7.26758999418787,0.00187669983215689,0.00660083244663462
"lp_0794",-0.53578130778223,7.48803142005714,0.00114446414940609,0.00433877333353609
"lp_3351",-0.538890323688526,8.29526126694867,0.00275870982750967,0.00915709678876522
"lp_3269",-0.539350135503982,7.6356112092871,0.00222655556514382,0.00760381848387447
"lp_3681",-0.544041554970265,8.7898265884811,0.00225488649070208,0.00768049029294523
"lp_3683",-0.546297411113769,8.70267163503721,0.00264802555816149,0.00884272788200534
"lp_2111",-0.54678804199875,8.60406103512127,0.00168648253174097,0.00603210391805252
"lp_1040",-0.549290208099663,11.8836280220349,0.00134473674776124,0.00496207859923899
"lp_1058",-0.551614994829237,10.7550521734391,0.00138133246870646,0.00507175801942968
"lp_2316",-0.552455873639953,9.57680586944067,0.00162426150084134,0.00582838729799468
"lp_3209",-0.554368458498605,9.06439656587988,0.00178592930489199,0.0063264759696494
"lp_1033",-0.559237026998189,12.7955206280403,0.00241728903980977,0.00812121082570383
"lp_0619",-0.561018927205247,13.2543102376262,0.0013565573724312,0.00499736775800778
"lp_1045",-0.561636931288235,10.7073267986714,0.001290774686515,0.00479492475829564
"lp_1036",-0.564118151130032,12.4567069598736,0.00210179331978313,0.00727089126562478
"lp_2786",-0.56861397083452,7.64827208048597,0.00049586636494047,0.00207532728162231
"lp_1041",-0.568849530008073,10.7437372856078,0.000618221005251027,0.00251145193692803
"lp_0209",-0.57136394364292,7.32386652992755,0.000925625697129196,0.00360164374946229
"lp_2321",-0.572237655628073,6.51658874473347,0.00191080214853332,0.0066938543621088
"lp_1046",-0.573768522292715,11.4050879386376,0.000832571372521501,0.00327991640349218
"lp_1594",-0.574500859029045,11.898187017659,0.00222159702497811,0.00760218827403638
"lp_0190",-0.579810064164924,6.71637914688661,0.000743619189020452,0.00297716615640376
"lp_1355",-0.582470417174969,6.97061967421312,0.000555211264216826,0.00227636618328899
"lp_1034",-0.584000317016462,12.0881816364078,0.00105368874543988,0.00405011611528456
"lp_1413",-0.584208421552549,9.02486211849473,0.00185173009815173,0.00652823318042664
"lp_2868",-0.585209174146019,7.07821333562271,0.000309596628759975,0.00136543214357487
"lp_1039",-0.586344938598525,11.7774113830974,0.000557288255375694,0.00228065840554859
"lp_1035",-0.587273873492624,11.7771554958297,0.000810392354988692,0.00320967562423071
"lp_1038",-0.590076411370437,11.3984079541273,0.000527333321385896,0.00218227284775397
"lp_3414",-0.591765848218508,5.55188129885313,0.00201250391508082,0.00700579193080022
"lp_0362",-0.594946519248608,8.96212952030801,0.000939987237781869,0.00365110832359484
"lp_1515",-0.595591830602128,11.5026636782022,0.00160081012304079,0.00576291644294685
"lp_2526",-0.596887507524916,8.32531770579788,0.000767402338723233,0.00306683894933797
"lp_3407",-0.599262393684952,9.25013401901481,0.000628245238668586,0.00254749992383196
"lp_1741",-0.61247007798175,7.77121878007585,0.000239245181661297,0.0010854279348322
"lp_1458",-0.614123424087238,6.72734337352256,0.000635076318170753,0.00257049171559424
"lp_0010",-0.614564713773556,12.9305434130976,0.00116720349947757,0.00439487848272678
"lp_0750",-0.616196203223867,6.42979489191027,0.000391687266369228,0.00169043978117246
"lp_1043",-0.618450616340275,10.9685685360642,0.000337340360990072,0.00147596031139224
"lp_0690",-0.619572984142658,9.0984273818653,0.000923400705099591,0.00359931190332833
"lp_0344",-0.620696452991155,9.36385061648668,0.000550787683025577,0.00226241916552621
"lp_1863",-0.62543513455961,6.54409498829377,0.000205784748299522,0.000947208799865162
"lp_0770",-0.629452195934368,5.97783674793781,0.00129945138984768,0.00481907098345522
"lp_0011",-0.637235550709171,12.3570508366907,0.000265913349487312,0.00118695999146151
"lp_2242",-0.639146657805971,8.40178377615376,0.000710048677455372,0.00284791263022861
"lp_1442",-0.64560676602213,5.96481807672792,0.000703115472141474,0.0028252226049387
"lp_1243",-0.647079824837019,5.52330537685654,0.00124054899550099,0.00461609323704066
"lp_2141",-0.654040099233328,5.98587872493776,0.00177711525213639,0.00630534161575315
"lp_2393",-0.656701423941441,6.16698217829847,0.00117178495152441,0.00440463817092536
"lp_1032",-0.661880461557966,12.5672452600057,0.000210957743418305,0.00096699884871248
"lp_3675",-0.66626838418671,5.98048756651633,0.000814022923679442,0.00321829777326122
"lp_2934",-0.668734974320389,7.43594527298732,0.000155998836316081,0.000731740304245347
"lp_1921",-0.672114783918259,5.50853315122784,0.00118641793571903,0.00444942011009159
"lp_0788",-0.675785274982233,11.7349002445012,0.000260425168586583,0.00116481075404181
"lp_1716",-0.678339162451902,6.87814065372334,0.000330686494769767,0.00145265853059576
"lp_1592",-0.681308946480854,12.6479169919976,0.000272628949194834,0.00121448791452186
"lp_0192",-0.683001568177944,6.35682125180595,9.83535079079499e-05,0.000475446870105242
"lp_2289",-0.683216333368457,7.89445453653427,4.75701119071138e-05,0.000241560155418234
"lp_1593",-0.683503898156283,12.3668476874963,0.000252679832527253,0.0011361388982525
"lp_1417",-0.688676096579689,8.67411264209307,8.92479235222498e-05,0.000433322154996186
"lp_1008",-0.692487919559716,8.45951786307839,0.000193515681094777,0.000892591079049659
"lp_3358",-0.693085507220561,7.51515902921287,7.12864465781941e-05,0.000351510451501385
"lp_2812",-0.693658175812734,7.32422544761901,3.08213262955499e-05,0.000161702408574283
"lp_1416",-0.693691495050197,6.94100825813587,3.38963168289142e-05,0.000176579871668744
"lp_1244",-0.694919804305999,7.09689467881576,4.97310753499581e-05,0.000250807746753547
"lp_1848",-0.705212949986459,10.4219067352377,5.88249713639392e-05,0.000293329924774237
"lp_0871",-0.706957440244013,9.30006423072454,5.65921166258972e-05,0.000283472728981304
"lp_0558",-0.716853125210465,4.22005371103623,0.00226552022026027,0.00770485678595427
"lp_1278",-0.721989738284759,8.15814708830684,3.46204460435284e-05,0.000179507418127335
"lp_0255",-0.722910067318078,4.69016091091621,0.00192044763191288,0.00669585993237025
"lp_2940",-0.729801982231625,5.32617927258506,0.00131504716951119,0.00486062509732517
"lp_1637",-0.731365447776876,10.8714319698347,0.00177029617257938,0.0062912290948487
"lp_0955",-0.731867948747939,6.8082292861752,1.71715274064803e-05,9.31807884263417e-05
"lp_3341",-0.73802238740127,6.12755754177408,0.000149717431872771,0.000705264668438968
"lp_2543",-0.74508318660694,6.69754828095244,1.64474723959311e-05,8.94710169154581e-05
"lp_1410",-0.745308422756988,5.8936093872909,0.000354634482529042,0.00153953087121431
"lp_1302",-0.747226221441561,4.86218045109545,0.000795025858407101,0.00315445743819592
"lp_0829",-0.748146965418122,5.2596414654224,0.00104646266398073,0.00402933624009276
"lp_2320",-0.756121706185787,5.91602454690967,6.72407229033318e-05,0.000332301251133876
"lp_0272",-0.756736112062202,5.95610603170359,4.72394443403637e-05,0.000240432482228886
"lp_1715",-0.75894974389506,6.81470643215653,4.31740643968496e-05,0.000220756070611143
"lp_0991",-0.770940097117621,6.99243868086858,5.49308339636357e-06,3.15887964663609e-05
"lp_0343",-0.773842101674388,8.53690218329883,4.01929476492369e-05,0.000205988856702339
"lp_1820",-0.779131688677042,6.33905123034177,6.97012472589458e-06,3.96705813448087e-05
"lp_2912",-0.784496275794366,9.20624612858574,7.36729834652047e-06,4.18235859979393e-05
"lp_0275",-0.789425358905933,8.26544677970519,1.82406640176559e-05,9.84995856953416e-05
"lp_1390",-0.790819658503692,5.66497874884972,4.84492517713142e-05,0.000245461426594256
"lp_1240",-0.806745913748283,6.95062341214752,0.000175673565272686,0.000817103515785142
"lp_0271",-0.810314031162055,5.63988598664159,3.66930940374114e-05,0.000188926767904253
"lp_0965",-0.810544355389574,6.77550340102734,2.86157970685132e-06,1.72630448800241e-05
"lp_1898",-0.812641022893292,11.6407244271931,1.82132898934425e-06,1.11392883491938e-05
"lp_0532",-0.814260969613533,3.60492703783994,0.001604153961511,0.00576557933569053
"lp_1636",-0.817134212895153,12.3716371315668,0.00023576137263667,0.00107181864274659
"lp_3374",-0.818430988897517,6.66882982663398,4.42442236362667e-06,2.58460979236661e-05
"lp_1639",-0.82640104134227,7.62734476339305,2.87830742053321e-07,1.91368547419235e-06
"lp_3174",-0.827920561281617,9.14296760270881,9.73919488847068e-06,5.39064437076852e-05
"lp_2121",-0.828056409220312,5.43133475104563,0.000383702220505344,0.00165921233632584
"lp_1357",-0.835846332536358,8.46482239622358,2.02538255164726e-06,1.23531596951709e-05
"lp_1535",-0.837290471864129,9.73932631199906,0.0022929820948494,0.00778629196011744
"lp_0302",-0.837800187958916,8.73653018578475,4.68255961726987e-06,2.72104645475997e-05
"lp_1445",-0.837926562058128,4.45422627521635,0.000154833597153497,0.000727816526747012
"lp_2125",-0.83984765857971,10.4499412966086,0.000180466057165707,0.000837634906844604
"lp_3286",-0.850146829825229,4.63480075597445,0.000274996227995069,0.00122218808077041
"lp_0138",-0.850162309750156,7.57320730356496,7.14709128837977e-08,5.08799360529673e-07
"lp_0990",-0.851538847691327,6.54779233206269,4.05823578033107e-06,2.38327162271963e-05
"lp_2729",-0.851993814283708,3.64304529127847,0.00143224873257497,0.00523267111208084
"lp_3676",-0.857094758074911,6.01295517586055,0.000256021253623393,0.00114743128648217
"lp_0145",-0.875412416911864,7.03888369525093,4.8380328856711e-07,3.15041317908112e-06
"lp_2972",-0.887812376553335,2.99698494390417,0.00138906069559471,0.00509168937093823
"lp_0836",-0.892109001832916,7.94596821011714,0.000505598609909591,0.00210412654575157
"lp_3495",-0.893096581914674,6.12009178471788,1.57742715433615e-06,9.70117699916732e-06
"lp_2574",-0.900173652434231,6.10420972904903,2.0671238935296e-06,1.25386638363686e-05
"lp_3191",-0.906506547264953,8.75766956679462,5.67790304960786e-07,3.6332015467722e-06
"lp_2573",-0.910742642118525,5.47505831404831,2.04654604018568e-06,1.24479476180524e-05
"lp_2861",-0.917452872414168,4.32464126207513,4.92660382800313e-05,0.000249029700347008
"lp_1388",-0.927662155333456,6.43835326435356,0.00167921196186366,0.00601581761094844
"lp_0215",-0.933050123271845,6.3824150843684,6.81274650163726e-08,4.8656195982661e-07
"lp_0531",-0.944219457487181,3.54709511841268,0.00107495462120438,0.00411173941882985
"lp_1118",-0.945240683997057,2.6831111163292,0.00303386907123189,0.00998066288812393
"lp_1581",-0.953252285795987,10.9949721018489,4.48338244073635e-08,3.27597647649845e-07
"lp_3292",-0.955299282512744,6.51181141030046,8.88417001083101e-05,0.000432637260779574
"lp_3190",-0.957222995549447,8.51382959046487,9.13280672250083e-08,6.39874496316988e-07
"lp_1358",-0.963224782383188,7.74823634458909,1.36689968535766e-08,1.04355720806271e-07
"lp_3193",-0.964676894716691,9.48563786546605,6.77879341647245e-08,4.85703838966667e-07
"lp_0103",-0.967644101204968,5.6022672792073,7.90726141890072e-05,0.000387315857996597
"lp_1638",-0.971063220248955,6.9352393686522,3.90092697274265e-09,3.07354175005417e-08
"lp_0530",-0.982963732273518,3.04505313086995,0.000421854622694813,0.00179637192173476
"lp_0748",-0.985245169259753,4.59498886070404,9.06289137082046e-06,5.04151796356696e-05
"lp_2817",-0.985497775004098,4.00136555361803,0.00110966831196529,0.00422858114060439
"lp_0749",-0.987216937770409,4.98801564774023,8.33201528719064e-06,4.65835400147477e-05
"lp_1011",-0.987648273776212,6.68330167642207,0.000232525929425798,0.00105928478960641
"lp_3245",-1.00127839353836,9.97455028218192,3.87632066994872e-07,2.5391047228599e-06
"lp_1580",-1.00663628337841,9.71663115659913,3.69731767980132e-08,2.73774626858867e-07
"lp_2514",-1.02404274692988,3.15109582869374,0.000993183052509406,0.00383753451702587
"lp_2146",-1.02639173500023,12.260221972587,3.8859058450112e-09,3.072641264591e-08
"lp_2740",-1.03028299020107,6.77103447019028,2.60985709522481e-09,2.0860013028259e-08
"lp_1095",-1.06595122434565,5.95312513988218,3.02621760401445e-07,2.00600172912814e-06
"lp_1268",-1.075447169827,3.27873573697784,0.0027900243035489,0.00923335397317976
"lp_2056",-1.07735491088327,7.55895811989965,4.5806292940031e-10,4.02441002258844e-09
"lp_2525",-1.08984092263062,8.38911390656154,1.56772891726413e-09,1.2999819561134e-08
"lp_2718",-1.0988517060895,4.09346609405442,4.92359580334538e-06,2.85108850056077e-05
"lp_0053",-1.10132307222458,8.22019396541758,5.45862756892678e-10,4.75803206204878e-09
"lp_3280",-1.10275423658855,3.59288479195075,0.000990711889759087,0.00383467853833325
"lp_1096",-1.11228820250208,5.46815091833734,3.79280953551956e-08,2.79909343721343e-07
"lp_3411",-1.11259800443716,9.06194321734209,3.5207583602083e-08,2.61575805687959e-07
"lp_3586",-1.11690686448741,4.24756154106147,3.32084974862424e-06,1.98712468742002e-05
"lp_0747",-1.1200153892138,4.06880730249076,7.82375294292123e-05,0.000384075144470679
"lp_3169",-1.12040178811317,8.16360972159085,7.20575485232722e-10,6.1835431174622e-09
"lp_0848",-1.1252197681886,6.41799688056889,5.60310941295763e-07,3.59573456240237e-06
"lp_0327",-1.12972561936781,6.89058500952568,1.6508849348281e-09,1.36382807675724e-08
"lp_1897",-1.13193652921565,13.2763011820784,2.06164913145465e-10,1.85548421830919e-09
"lp_0512",-1.14749494590096,10.4298936197921,5.5989132821566e-06,3.2113974110608e-05
"lp_0528",-1.15689077336377,2.48038317254423,0.000885324777582949,0.00347537066944796
"lp_3246",-1.15699280678633,7.2624258517549,3.023958139617e-12,3.15803930241134e-11
"lp_3678",-1.1854037396575,4.71607511747149,1.10394630753269e-07,7.59048796545769e-07
"lp_0101",-1.2019599569413,5.30333988898296,1.60104267024587e-07,1.08400870701051e-06
"lp_0533",-1.20278615615636,7.26673747768606,4.97809603134505e-09,3.88081148359083e-08
"lp_3356",-1.21026152567641,4.77194241417502,2.96173474862122e-06,1.77704084917273e-05
"lp_0783",-1.21413237793182,6.36414915573507,8.61241190447776e-12,8.59578842124667e-11
"lp_3301",-1.21723150996693,5.301642528587,1.3832313450649e-06,8.57835909796549e-06
"lp_0326",-1.23445577963136,8.02418493667776,7.07431986873942e-13,7.60317679096558e-12
"lp_1386",-1.23585464697627,3.80935434056334,3.22168815773311e-05,0.000168226829745781
"lp_3324",-1.24063144144701,8.40607574374145,2.2079353472673e-12,2.31676249234588e-11
"lp_3254",-1.2410043819976,3.83127244618738,8.22340905505031e-06,4.60927282224845e-05
"lp_3679",-1.24713678291788,6.28347083932267,2.38816833386274e-09,1.9157263373812e-08
"lp_0102",-1.25014424563191,5.91387243240379,3.10019045492567e-10,2.75958914121615e-09
"lp_3175",-1.25337705872217,5.04011270536614,2.13981676537566e-09,1.74174791122857e-08
"lp_1424",-1.26930010710723,3.5732057667461,8.00833365967844e-06,4.52307416391022e-05
"lp_3255",-1.27023397549132,4.61983696530458,1.27562952098787e-05,7.00804903093586e-05
"lp_1010",-1.27026808842794,8.24432868962466,1.9566188606108e-11,1.88345832930101e-10
"lp_3513",-1.2861983464752,4.55873029798293,1.07001856172486e-08,8.25442890473463e-08
"lp_2988",-1.29057770003657,6.78821501433966,1.12712559752032e-10,1.02693665551851e-09
"lp_2503",-1.30505443385104,8.07454797440278,8.320533766112e-11,7.64384305318338e-10
"lp_3134",-1.3332759540585,6.74285296584032,1.22831472539314e-08,9.40999585474193e-08
"lp_3075",-1.3374132215177,4.6880401770301,1.1505167645047e-09,9.75955600235019e-09
"lp_1435",-1.3449659472718,7.13201535791937,3.90779615291896e-14,4.65153800137773e-13
"lp_0822",-1.34560011845114,10.4131786117572,2.97390064558535e-13,3.29210801466299e-12
"lp_0298",-1.35834669689187,1.58263091674106,0.000565738141176718,0.0023109672408953
"lp_3677",-1.37932043339676,2.34832538616045,0.00045510353926054,0.00191195300934125
"lp_1908",-1.38756791557585,7.77230574542738,1.0227987772026e-07,7.12099526014637e-07
"lp_2240",-1.39017192159974,7.86188324076657,4.1931528929518e-17,6.27273007094276e-16
"lp_2248",-1.3911964646752,1.89500160034456,0.00252523393484925,0.00845819656846633
"lp_2341",-1.39279468979864,7.9523407016415,6.61360517109561e-16,9.20913323824257e-15
"lp_2776",-1.39661366737043,6.92341832328823,1.95266350796403e-16,2.78915935911766e-15
"lp_3415",-1.40827622625746,1.91815704255432,0.000252988471923434,0.0011361388982525
"lp_0984",-1.41804880125866,5.73368186328021,1.35891065224127e-06,8.45120276421958e-06
"lp_0733",-1.4371827158346,2.14700323576941,6.17131136799571e-05,0.000307040075702079
"lp_0109",-1.452056177219,3.55749494099761,3.8657378226509e-06,2.28233161049309e-05
"lp_2396",-1.46268659596877,3.22096885611808,7.58758863697578e-06,4.29639929469677e-05
"lp_2710",-1.50443938954589,7.08647463072086,1.73041027272733e-11,1.68031944904312e-10
"lp_1292",-1.50880775253201,8.26966492611464,2.48562908998174e-17,3.82165472584693e-16
"lp_0311",-1.54574400061862,3.92007125822247,5.68100542213188e-10,4.91318203304687e-09
"lp_2885",-1.54581795065348,3.56658005148064,4.45806629877455e-06,2.59741020670707e-05
"lp_0259",-1.55399662388984,6.44249530942044,8.2404845148058e-19,1.3821539936197e-17
"lp_0325",-1.57427880781756,7.11634966469428,1.66278712457468e-20,3.14650486650285e-19
"lp_0835",-1.61548942245078,2.57884966726312,2.0493840345695e-07,1.37495037955663e-06
"lp_1175",-1.6271138194228,8.81387611322192,2.62682000646758e-19,4.54357772993689e-18
"lp_0520",-1.65337536009283,11.7908527450407,1.56389425675149e-18,2.58392677943865e-17
"lp_1239",-1.65637190807425,5.66428529886799,9.77673592151297e-13,1.04065833318412e-11
"lp_0108",-1.67360519666779,1.70837869775593,3.14215559907843e-05,0.000164461761143254
"lp_0838",-1.79490870267968,7.52335755148979,3.56327893108637e-15,4.83993837633449e-14
"lp_0600",-1.80161288078575,6.14403087122747,7.47448821569978e-20,1.35643581225896e-18
"lp_3015",-1.84426599179429,7.98952755446106,3.39572608469112e-27,8.35348616834016e-26
"lp_0214",-1.84764223827408,4.84811456106804,8.66635856535892e-17,1.26232354366478e-15
"lp_0105",-1.87670754459066,2.87853789161053,4.53225152996167e-10,3.99777087144827e-09
"lp_0239",-1.9008594446796,7.01072752138089,6.73799050969546e-28,1.7346408126123e-26
"lp_3072",-1.92263741411339,3.26575810297179,5.3112682134691e-10,4.64788451566031e-09
"lp_2739",-1.94137399555313,6.52445425529352,1.51878988290101e-25,3.57723489440726e-24
"lp_2509",-1.99951631993767,7.44817894345899,3.35064745899866e-29,9.04674813929637e-28
"lp_2974",-2.02107720531337,0.948236393396674,5.07410345050358e-05,0.000255319659986703
"lp_2638",-2.08039243603669,2.33931969891529,6.27669550123586e-08,4.52658105528866e-07
"lp_0213",-2.09490998596775,4.56068265698571,3.5342848099867e-19,6.06581904597717e-18
"lp_0104",-2.19099433496111,4.19858130238851,6.34578572543025e-19,1.08073612277712e-17
"lp_3073",-2.20515425456139,2.43160479154771,1.217794437817e-09,1.02516991837523e-08
"lp_0107",-2.26499033639925,3.10766058291166,3.49616017430083e-14,4.22978066989182e-13
"lp_2830",-2.27699677219038,7.61746066264348,2.91122792204155e-39,1.07424310323333e-37
"lp_3248",-2.34878901310579,7.67301169067834,1.1834133265365e-40,4.59662649991545e-39
"lp_0106",-2.46580658209842,2.8727992654254,1.54489028045013e-14,2.00022636310911e-13
"lp_0803",-2.49965794128062,8.42198100008659,3.3628742956094e-39,1.22055798204577e-37
"lp_0802",-2.51959053220721,8.37155735056147,5.37293065318039e-37,1.85869819783459e-35
"lp_2108",-2.8059395087903,4.02577776295951,1.72406077148539e-14,2.19371870578659e-13
"lp_2107",-3.188487875246,4.59462922658637,1.13040693490452e-22,2.27520086716238e-21
"lp_0210",-3.32604031902863,7.77625220097485,5.90411649443346e-73,4.35723797289189e-71
"lp_0329",-3.4354263342419,6.86923595148081,1.55539490078413e-65,1.01283656186355e-63
"lp_2106",-4.2352636498979,4.57492395694727,4.83435390159518e-35,1.64665531355873e-33
"lp_0349",-4.24816860891006,7.75555269201348,5.51127457993108e-84,5.30520083476844e-82
"lp_2099",-4.58007280317324,5.88167139104845,2.37670462958486e-53,1.19591455679565e-51
"lp_0575",-4.63922508982166,9.66252290758642,2.03920133381384e-113,4.10435613914894e-111
"lp_0423",-4.70538114852516,5.82474514292426,1.31827657151787e-34,4.29215342550082e-33
"lp_0576",-4.76085513113788,9.17044875419529,1.79774570268573e-117,3.98020898574621e-115
"lp_0263",-4.88558223459701,6.14097404984033,1.28878190612702e-68,8.64655497019766e-67
"lp_2102",-5.02384973937518,5.45101104220952,3.19275906125228e-81,2.82750742464502e-79
"lp_2104",-5.21607338566916,3.72213513733335,8.92490692536051e-40,3.40685240219796e-38
"lp_2100",-5.25713007460499,5.17499905406034,2.12075693407524e-78,1.80590609693945e-76
"lp_0262",-6.36288509364029,6.65993401331653,3.63064047722384e-118,8.93137557397064e-116
